{
	"credit": "Made with Blockbench",
	"textures": {
		"0": "blocks/Bed",
		"particle": "blocks/Bed"
	},
	"elements": [
		{
			"name": "2x2x3L",
			"from": [14, 0, 14],
			"to": [16, 3, 16],
			"faces": {
				"north": {"uv": [0, 0, 2, 3], "texture": "#0"},
				"east": {"uv": [16, 4.33333, 15.33333, 5.33333], "texture": "#0"},
				"south": {"uv": [10, 4.33333, 10.66667, 5.33333], "texture": "#0"},
				"west": {"uv": [0, 0, 2, 3], "texture": "#missing"},
				"up": {"uv": [0, 0, 2, 2], "texture": "#missing"},
				"down": {"uv": [0, 10.66667, 0.66667, 10], "texture": "#0"}
			}
		},
		{
			"name": "2x2x3R",
			"from": [0, 0, 14],
			"to": [2, 3, 16],
			"faces": {
				"north": {"uv": [0, 0, 2, 3], "texture": "#0"},
				"east": {"uv": [0, 0, 2, 3], "texture": "#0"},
				"south": {"uv": [5.33333, 4.33333, 6, 5.33333], "texture": "#0"},
				"west": {"uv": [15.33333, 4.33333, 16, 5.33333], "texture": "#0"},
				"up": {"uv": [0, 0, 2, 2], "texture": "#missing"},
				"down": {"uv": [5.33333, 10.66667, 4.66667, 10], "texture": "#0"}
			}
		},
		{
			"name": "1x2x3RF",
			"from": [0, 0, 13],
			"to": [2, 3, 14],
			"faces": {
				"north": {"uv": [10.33333, 4.33333, 9.66667, 5.33333], "texture": "#0"},
				"east": {"uv": [10.33333, 4.33333, 10.66667, 5.33333], "texture": "#0"},
				"south": {"uv": [0, 0, 2, 3], "texture": "#missing"},
				"west": {"uv": [15, 4.33333, 15.33333, 5.33333], "texture": "#0"},
				"up": {"uv": [0, 0, 2, 1], "texture": "#missing"},
				"down": {"uv": [4.66667, 9.66667, 5.33333, 10], "texture": "#0"}
			}
		},
		{
			"name": "1x2x3LF",
			"from": [14, 0, 13],
			"to": [16, 3, 14],
			"faces": {
				"north": {"uv": [6.33333, 4.33333, 5.66667, 5.33333], "texture": "#0"},
				"east": {"uv": [15.33333, 4.33333, 15, 5.33333], "texture": "#0"},
				"south": {"uv": [0, 0, 2, 3], "texture": "#missing"},
				"west": {"uv": [5.33333, 4.33333, 5.66667, 5.33333], "texture": "#0"},
				"up": {"uv": [0, 0, 2, 1], "texture": "#missing"},
				"down": {"uv": [4.66667, 9.66667, 5.33333, 10], "texture": "#0"}
			}
		},
		{
			"name": "1x2x3RS",
			"from": [2, 0, 14],
			"to": [3, 3, 16],
			"faces": {
				"north": {"uv": [10.33333, 4.33333, 10.66667, 5.33333], "texture": "#0"},
				"east": {"uv": [9.66667, 4.33333, 10.33333, 5.33333], "texture": "#0"},
				"south": {"uv": [6, 4.33333, 6.33333, 5.33333], "texture": "#0"},
				"west": {"uv": [0, 0, 2, 3], "texture": "#missing"},
				"up": {"uv": [0, 0, 1, 2], "texture": "#missing"},
				"down": {"uv": [4.33333, 10.66667, 4.66667, 10], "texture": "#0"}
			}
		},
		{
			"name": "1x2x3LS",
			"from": [13, 0, 14],
			"to": [14, 3, 16],
			"faces": {
				"north": {"uv": [5.33333, 4.33333, 5.66667, 5.33333], "texture": "#0"},
				"east": {"uv": [0, 0, 2, 3], "texture": "#0"},
				"south": {"uv": [15, 4.33333, 15.33333, 5.33333], "texture": "#0"},
				"west": {"uv": [5.66667, 4.33333, 6.33333, 5.33333], "texture": "#0"},
				"up": {"uv": [0, 0, 1, 2], "texture": "#missing"},
				"down": {"uv": [0.33333, 10.66667, 0, 10], "texture": "#0"}
			}
		},
		{
			"name": "bottom",
			"from": [0, 3, 0],
			"to": [16, 4, 16],
			"faces": {
				"north": {"uv": [5.33333, 14.66667, 10.66667, 15], "texture": "#0"},
				"east": {"uv": [16, 4, 10.66667, 4.33333], "texture": "#0"},
				"south": {"uv": [5.33333, 4, 10.66667, 4.33333], "texture": "#0"},
				"west": {"uv": [10.66667, 4, 16, 4.33333], "texture": "#0"},
				"up": {"uv": [0, 0, 16, 16], "texture": "#missing"},
				"down": {"uv": [0, 10.66667, 5.33333, 5.33333], "texture": "#0"}
			}
		},
		{
			"name": "borderR",
			"from": [0, 4, 0],
			"to": [1, 5, 16],
			"faces": {
				"north": {"uv": [10, 14.66667, 10.33333, 15], "texture": "#0"},
				"east": {"uv": [0, 0, 16, 1], "texture": "#0"},
				"south": {"uv": [5.66667, 3.66667, 5.33333, 4], "texture": "#0"},
				"west": {"uv": [10.66667, 3.66667, 16, 4], "texture": "#0"},
				"up": {"uv": [0, 10.66667, 0.33333, 5.33333], "texture": "#0"},
				"down": {"uv": [0, 0, 1, 16], "texture": "#missing"}
			}
		},
		{
			"name": "borderL",
			"from": [15, 4, 0],
			"to": [16, 5, 16],
			"faces": {
				"north": {"uv": [5.33333, 14.33333, 5.66667, 14.66667], "texture": "#0"},
				"east": {"uv": [16, 3.66667, 10.66667, 4], "texture": "#0"},
				"south": {"uv": [10.33333, 3.66667, 10.66667, 4], "texture": "#0"},
				"west": {"uv": [0, 0, 16, 1], "texture": "#missing"},
				"up": {"uv": [0, 10.66667, 0.33333, 5.5], "texture": "#0"},
				"down": {"uv": [0, 0, 1, 16], "texture": "#missing"}
			}
		},
		{
			"name": "borderF",
			"from": [1, 4, 15],
			"to": [15, 5, 16],
			"faces": {
				"north": {"uv": [0, 0, 14, 1], "texture": "#missing"},
				"east": {"uv": [0, 0, 1, 1], "texture": "#0"},
				"south": {"uv": [5.66667, 3.66667, 10.33333, 4], "texture": "#0"},
				"west": {"uv": [0, 0, 1, 1], "texture": "#missing"},
				"up": {"uv": [0.33333, 5.33333, 5, 5.66667], "texture": "#0"},
				"down": {"uv": [0, 0, 14, 1], "texture": "#missing"}
			}
		},
		{
			"name": "cushion",
			"from": [1, 4, 0],
			"to": [15, 8, 15],
			"faces": {
				"north": {"uv": [5.66667, 13.33333, 10.33333, 14.66667], "texture": "#0"},
				"east": {"uv": [15.66667, 2.33333, 10.66667, 3.66667], "texture": "#0"},
				"south": {"uv": [5.66667, 2.33333, 10.33333, 3.66667], "texture": "#0"},
				"west": {"uv": [10.66667, 2.33333, 15.66667, 3.66667], "texture": "#0"},
				"up": {"uv": [0.33333, 5.33333, 5, 0.33333], "texture": "#0"},
				"down": {"uv": [0, 0, 14, 15], "texture": "#missing"}
			}
		},
		{
			"name": "pillow",
			"from": [3, 8, 9],
			"to": [13, 9, 14],
			"faces": {
				"north": {"uv": [1, 0.66667, 4.33333, 1], "texture": "#0"},
				"east": {"uv": [6.33333, 6.66667, 8, 7], "texture": "#0"},
				"south": {"uv": [1, 2.33333, 4.33333, 2], "texture": "#0"},
				"west": {"uv": [6.33333, 6.66667, 8, 7], "texture": "#0"},
				"up": {"uv": [1, 0.66667, 4.33333, 2.33333], "texture": "#0"},
				"down": {"uv": [0, 0, 10, 5], "texture": "#missing"}
			}
		},
		{
			"name": "blanketL",
			"from": [15, 5, 0],
			"to": [16, 8, 8],
			"faces": {
				"north": {"uv": [5.33333, 13.33333, 5.66667, 14.33333], "texture": "#0"},
				"east": {"uv": [13.33333, 2.66667, 10.66667, 3.66667], "texture": "#0"},
				"south": {"uv": [10.33333, 9.66667, 10.66667, 10.66667], "texture": "#0"},
				"west": {"uv": [0, 0, 8, 3], "texture": "#missing"},
				"up": {"uv": [0, 0, 1, 8], "texture": "#missing"},
				"down": {"uv": [0, 0, 1, 8], "texture": "#missing"}
			}
		},
		{
			"name": "blanketR",
			"from": [0, 5, 0],
			"to": [1, 8, 8],
			"faces": {
				"north": {"uv": [10.33333, 13.33333, 10.66667, 14.33333], "texture": "#0"},
				"east": {"uv": [0, 0, 8, 3], "texture": "#0"},
				"south": {"uv": [5.33333, 9.66667, 5.66667, 10.66667], "texture": "#0"},
				"west": {"uv": [10.66667, 2.66667, 13.33333, 3.66667], "texture": "#0"},
				"up": {"uv": [0, 0, 1, 8], "texture": "#missing"},
				"down": {"uv": [0, 0, 1, 8], "texture": "#missing"}
			}
		},
		{
			"name": "blanketT",
			"from": [0, 8, 0],
			"to": [16, 9, 8],
			"faces": {
				"north": {"uv": [5.33333, 13, 10.66667, 13.33333], "texture": "#0"},
				"east": {"uv": [13.33333, 2.33333, 10.66667, 2.66667], "texture": "#0"},
				"south": {"uv": [5.33333, 9.33333, 10.66667, 9.66667], "texture": "#0"},
				"west": {"uv": [10.66667, 2.33333, 13.33333, 2.66667], "texture": "#0"},
				"up": {"uv": [5.33333, 5.33333, 0, 2.66667], "texture": "#0"},
				"down": {"uv": [0, 0, 16, 8], "texture": "#missing"}
			}
		}
	],
	"groups": [
		{
			"name": "HEAD",
			"origin": [0, 0, 0],
			"color": 0,
			"children": [
				{
					"name": "LEG HEAD",
					"origin": [8, 8, 8],
					"color": 0,
					"children": [0, 1, 2, 3, 4, 5]
				},
				{
					"name": "WOOD BASE HEAD",
					"origin": [8, 8, 8],
					"color": 0,
					"children": [6, 7, 8, 9]
				},
				{
					"name": "CUSHION HEAD",
					"origin": [8, 8, 8],
					"color": 0,
					"children": [10]
				},
				{
					"name": "PILLOW",
					"origin": [0, 0, 0],
					"color": 0,
					"children": [11]
				},
				{
					"name": "BLANKET",
					"origin": [0, 0, 0],
					"color": 0,
					"children": [12, 13, 14]
				}
			]
		}
	]
}