{
	"credit": "Made with Blockbench",
	"textures": {
		"0": "blocks/Bed",
		"particle": "blocks/Bed"
	},
	"elements": [
		{
			"name": "2x2x3R",
			"from": [0, 0, 0],
			"to": [2, 3, 2],
			"faces": {
				"north": {"uv": [10, 15, 10.66667, 16], "texture": "#0"},
				"east": {"uv": [11.66667, 7.33333, 13.66667, 10.33333], "texture": "#0"},
				"south": {"uv": [14, 10, 16, 13], "texture": "#0"},
				"west": {"uv": [10.66667, 15, 11.33333, 16], "texture": "#0"},
				"up": {"uv": [13.66667, 7.33333, 15.66667, 9.33333], "texture": "#0"},
				"down": {"uv": [5.33333, 6, 4.66667, 5.33333], "texture": "#0"}
			}
		},
		{
			"name": "2x2x3L",
			"from": [14, 0, 0],
			"to": [16, 3, 2],
			"faces": {
				"north": {"uv": [5.33333, 15, 6, 16], "texture": "#0"},
				"east": {"uv": [11.33333, 15, 10.66667, 16], "texture": "#0"},
				"south": {"uv": [0, 0, 2, 3], "texture": "#missing"},
				"west": {"uv": [0, 0, 2, 3], "texture": "#missing"},
				"up": {"uv": [0, 0, 2, 2], "texture": "#missing"},
				"down": {"uv": [0.66667, 6, 0, 5.33333], "texture": "#0"}
			}
		},
		{
			"name": "1x2x3RB",
			"from": [0, 0, 2],
			"to": [2, 3, 3],
			"faces": {
				"north": {"uv": [0, 0, 2, 3], "texture": "#missing"},
				"east": {"uv": [5.33333, 15, 5.66667, 16], "texture": "#0"},
				"south": {"uv": [6.33333, 15, 5.66667, 16], "texture": "#0"},
				"west": {"uv": [11.33333, 15, 11.66667, 16], "texture": "#0"},
				"up": {"uv": [14, 5.33333, 16, 6.33333], "texture": "#0"},
				"down": {"uv": [5.33333, 6, 4.66667, 6.33333], "texture": "#0"}
			}
		},
		{
			"name": "1x2x3LB",
			"from": [14, 0, 2],
			"to": [16, 3, 3],
			"faces": {
				"north": {"uv": [0, 0, 2, 3], "texture": "#missing"},
				"east": {"uv": [11.66667, 15, 11.33333, 16], "texture": "#0"},
				"south": {"uv": [10.33333, 15, 9.66667, 16], "texture": "#0"},
				"west": {"uv": [10.33333, 15, 10.66667, 16], "texture": "#0"},
				"up": {"uv": [0, 0, 2, 1], "texture": "#missing"},
				"down": {"uv": [0, 6, 0.66667, 6.33333], "texture": "#0"}
			}
		},
		{
			"name": "1x2x3RS",
			"from": [2, 0, 0],
			"to": [3, 3, 2],
			"faces": {
				"north": {"uv": [9.66667, 15, 10, 16], "texture": "#0"},
				"east": {"uv": [5.66667, 15, 6.33333, 16], "texture": "#0"},
				"south": {"uv": [5.33333, 15, 5.66667, 16], "texture": "#0"},
				"west": {"uv": [0, 0, 2, 3], "texture": "#missing"},
				"up": {"uv": [15, 7.33333, 16, 9.33333], "texture": "#0"},
				"down": {"uv": [4.33333, 5.33333, 4.66667, 6], "texture": "#0"}
			}
		},
		{
			"name": "1x2x3LS",
			"from": [13, 0, 0],
			"to": [14, 3, 2],
			"faces": {
				"north": {"uv": [6, 15, 6.33333, 16], "texture": "#0"},
				"east": {"uv": [0, 0, 2, 3], "texture": "#missing"},
				"south": {"uv": [10.33333, 15, 10.66667, 16], "texture": "#0"},
				"west": {"uv": [9.66667, 15, 10.33333, 16], "texture": "#0"},
				"up": {"uv": [0, 0, 1, 2], "texture": "#missing"},
				"down": {"uv": [0.66667, 5.33333, 1, 6], "texture": "#0"}
			}
		},
		{
			"name": "base",
			"from": [0, 3, 0],
			"to": [16, 5, 16],
			"faces": {
				"north": {"uv": [5.33333, 14.33333, 10.66667, 15], "texture": "#0"},
				"east": {"uv": [16, 14.33333, 10.66667, 15], "texture": "#0"},
				"south": {"uv": [5.33333, 14.33333, 10.66667, 15], "texture": "#0"},
				"west": {"uv": [10.66667, 14.33333, 16, 15], "texture": "#0"},
				"up": {"uv": [14.33333, 7.33333, 16, 9], "texture": "#0"},
				"down": {"uv": [0, 10.66667, 5.33333, 5.33333], "texture": "#0"}
			}
		},
		{
			"name": "cushion and blanket",
			"from": [0, 5, 0],
			"to": [16, 9, 16],
			"faces": {
				"north": {"uv": [5.33333, 13, 10.66667, 14.33333], "texture": "#0"},
				"east": {"uv": [16, 13, 10.66667, 14.33333], "texture": "#0"},
				"south": {"uv": [5.33333, 13, 10.66667, 14.33333], "texture": "#0"},
				"west": {"uv": [10.66667, 13, 16, 14.33333], "texture": "#0"},
				"up": {"uv": [5.33333, 16, 0, 10.66667], "texture": "#0"},
				"down": {"uv": [13.33333, 5.33333, 16, 8], "texture": "#0"}
			}
		}
	],
	"groups": [
		{
			"name": "LEGS",
			"origin": [0, 0, 0],
			"color": 0,
			"children": [0, 1, 2, 3, 4, 5]
		},
		{
			"name": "BASE",
			"origin": [8, 8, 8],
			"color": 0,
			"children": [6]
		},
		{
			"name": "CUSHION AND BLANKET",
			"origin": [0, 0, 0],
			"color": 0,
			"children": [7]
		}
	]
}