{
	"credit": "Made with Blockbench",
	"textures": {
		"1": "blocks/ladder3D"
	},
	"elements": [
		{
			"name": "step",
			"from": [1, 1, 15],
			"to": [15, 3, 16],
			"faces": {
				"north": {"uv": [1, 0, 8, 1], "texture": "#1"},
				"east": {"uv": [1, 1, 1.5, 2], "texture": "#1"},
				"south": {"uv": [8, 0, 1, 1], "texture": "#1"},
				"west": {"uv": [1.5, 1, 2, 2], "texture": "#1"},
				"up": {"uv": [9, 8, 2, 8.5], "texture": "#1"},
				"down": {"uv": [9, 9, 2, 9.5], "texture": "#1"}
			}
		},
		{
			"name": "step",
			"from": [1, 5, 15],
			"to": [15, 7, 16],
			"faces": {
				"north": {"uv": [1, 0, 8, 1], "texture": "#1"},
				"east": {"uv": [1, 1, 1.5, 2], "texture": "#1"},
				"south": {"uv": [8, 0, 1, 1], "texture": "#1"},
				"west": {"uv": [1.5, 1, 2, 2], "texture": "#1"},
				"up": {"uv": [9, 8, 2, 8.5], "texture": "#1"},
				"down": {"uv": [9, 9, 2, 9.5], "texture": "#1"}
			}
		},
		{
			"name": "step",
			"from": [1, 9, 15],
			"to": [15, 11, 16],
			"faces": {
				"north": {"uv": [1, 0, 8, 1], "texture": "#1"},
				"east": {"uv": [1, 1, 1.5, 2], "texture": "#1"},
				"south": {"uv": [8, 0, 1, 1], "texture": "#1"},
				"west": {"uv": [1.5, 1, 2, 2], "texture": "#1"},
				"up": {"uv": [9, 8, 2, 8.5], "texture": "#1"},
				"down": {"uv": [9, 9, 2, 9.5], "texture": "#1"}
			}
		},
		{
			"name": "step",
			"from": [1, 13, 15],
			"to": [15, 15, 16],
			"faces": {
				"north": {"uv": [1, 0, 8, 1], "texture": "#1"},
				"east": {"uv": [1, 1, 1.5, 2], "texture": "#1"},
				"south": {"uv": [8, 0, 1, 1], "texture": "#1"},
				"west": {"uv": [1.5, 1, 2, 2], "texture": "#1"},
				"up": {"uv": [9, 8, 2, 8.5], "texture": "#1"},
				"down": {"uv": [9, 9, 2, 9.5], "texture": "#1"}
			}
		},
		{
			"name": "side",
			"from": [2, 0, 14],
			"to": [4, 16, 16],
			"faces": {
				"north": {"uv": [1, 0, 0, 8], "texture": "#1"},
				"east": {"uv": [1, 8, 2, 16], "texture": "#1"},
				"south": {"uv": [0, 0, 1, 8], "texture": "#1"},
				"west": {"uv": [0, 8, 1, 16], "texture": "#1"},
				"up": {"uv": [2, 1, 3, 2], "texture": "#1"},
				"down": {"uv": [2, 2, 3, 3], "texture": "#1"}
			}
		},
		{
			"name": "side",
			"from": [12, 0, 14],
			"to": [14, 16, 16],
			"faces": {
				"north": {"uv": [0, 0, 1, 8], "texture": "#1"},
				"east": {"uv": [0, 8, 1, 16], "texture": "#1"},
				"south": {"uv": [1, 0, 0, 8], "texture": "#1"},
				"west": {"uv": [1, 8, 2, 16], "texture": "#1"},
				"up": {"uv": [3, 1, 2, 2], "texture": "#1"},
				"down": {"uv": [3, 2, 2, 3], "texture": "#1"}
			}
		}
	],
	"display": {}
}