{
	"credit": "Made with Blockbench",
        "ambientocclusion": true,
	"textures": {
		"2": "blocks/tnt_bottom",
		"3": "blocks/tnt_side",
		"4": "blocks/tnt_top",
		"particle": "blocks/tnt_bottom"
	},
	"elements": [
		{
			"from": [0, 0, 0],
			"to": [16, 16, 16],
			"faces": {
				"north": {"uv": [0, 0, 16, 16], "texture": "#3"},
				"east": {"uv": [0, 0, 16, 16], "texture": "#3"},
				"south": {"uv": [0, 0, 16, 16], "texture": "#3"},
				"west": {"uv": [0, 0, 16, 16], "texture": "#3"},
				"up": {"uv": [0, 0, 16, 16], "texture": "#4"},
				"down": {"uv": [0, 0, 16, 16], "texture": "#2"}
			}
		},
		{
			"from": [0, 5, 16],
			"to": [16, 11, 17],
			"faces": {
				"north": {"uv": [0, 5, 16, 11], "texture": "#3"},
				"east": {"uv": [0, 5, 1, 11], "texture": "#3"},
				"south": {"uv": [0, 5, 16, 11], "texture": "#3"},
				"west": {"uv": [15, 5, 16, 11], "texture": "#3"},
				"up": {"uv": [0, 5, 16, 6], "texture": "#3"},
				"down": {"uv": [0, 10, 16, 11], "texture": "#3"}
			}
		},
		{
			"from": [-1, 5, 0],
			"to": [0, 11, 16],
			"faces": {
				"north": {"uv": [0, 5, 1, 11], "texture": "#3"},
				"east": {"uv": [0, 5, 16, 11], "texture": "#3"},
				"south": {"uv": [15, 5, 16, 11], "texture": "#3"},
				"west": {"uv": [0, 5, 16, 11], "texture": "#3"},
				"up": {"uv": [0, 5, 16, 6], "rotation": 90, "texture": "#3"},
				"down": {"uv": [0, 10, 16, 11], "texture": "#3"}
			}
		},
		{
			"from": [16, 5, 0],
			"to": [17, 11, 16],
			"faces": {
				"north": {"uv": [0, 5, 1, 11], "texture": "#3"},
				"east": {"uv": [0, 5, 16, 11], "texture": "#3"},
				"south": {"uv": [15, 5, 16, 11], "texture": "#3"},
				"west": {"uv": [0, 5, 16, 11], "texture": "#3"},
				"up": {"uv": [0, 5, 16, 6], "rotation": 90, "texture": "#3"},
				"down": {"uv": [0, 10, 16, 11], "texture": "#3"}
			}
		},
		{
			"from": [0, 5, -1],
			"to": [16, 11, 0],
			"faces": {
				"north": {"uv": [0, 5, 16, 11], "texture": "#3"},
				"east": {"uv": [0, 5, 1, 11], "texture": "#3"},
				"south": {"uv": [0, 5, 16, 11], "texture": "#3"},
				"west": {"uv": [15, 5, 16, 11], "texture": "#3"},
				"up": {"uv": [0, 5, 16, 6], "texture": "#3"},
				"down": {"uv": [0, 10, 16, 11], "texture": "#3"}
			}
		},
		{
			"from": [-1, 5, -1],
			"to": [0, 11, 0],
			"faces": {
				"north": {"uv": [15, 5, 16, 11], "texture": "#3"},
				"east": {"uv": [15, 5, 16, 11], "texture": "#3"},
				"south": {"uv": [15, 5, 16, 11], "texture": "#3"},
				"west": {"uv": [15, 5, 16, 11], "texture": "#3"},
				"up": {"uv": [0, 5, 1, 6], "texture": "#3"},
				"down": {"uv": [15, 10, 16, 11], "texture": "#3"}
			}
		},
		{
			"from": [16, 5, -1],
			"to": [17, 11, 0],
			"faces": {
				"north": {"uv": [15, 5, 16, 11], "texture": "#3"},
				"east": {"uv": [15, 5, 16, 11], "texture": "#3"},
				"south": {"uv": [15, 5, 16, 11], "texture": "#3"},
				"west": {"uv": [15, 5, 16, 11], "texture": "#3"},
				"up": {"uv": [0, 5, 1, 6], "texture": "#3"},
				"down": {"uv": [15, 10, 16, 11], "texture": "#3"}
			}
		},
		{
			"from": [16, 5, 16],
			"to": [17, 11, 17],
			"faces": {
				"north": {"uv": [15, 5, 16, 11], "texture": "#3"},
				"east": {"uv": [15, 5, 16, 11], "texture": "#3"},
				"south": {"uv": [15, 5, 16, 11], "texture": "#3"},
				"west": {"uv": [15, 5, 16, 11], "texture": "#3"},
				"up": {"uv": [0, 5, 1, 6], "texture": "#3"},
				"down": {"uv": [15, 10, 16, 11], "texture": "#3"}
			}
		},
		{
			"from": [-1, 5, 16],
			"to": [0, 11, 17],
			"faces": {
				"north": {"uv": [15, 5, 16, 11], "texture": "#3"},
				"east": {"uv": [15, 5, 16, 11], "texture": "#3"},
				"south": {"uv": [15, 5, 16, 11], "texture": "#3"},
				"west": {"uv": [15, 5, 16, 11], "texture": "#3"},
				"up": {"uv": [0, 5, 1, 6], "texture": "#3"},
				"down": {"uv": [15, 10, 16, 11], "texture": "#3"}
			}
		}
	],
	"groups": [0,
		{
			"name": "Cinta",
			"origin": [0, 0, 0],
			"color": 0,
			"children": [1, 2, 3, 4]
		}, 5, 6, 7, 8]
}